Provinsi,Kabupaten / Kota
ACEH,Aceh Barat
ACEH,Aceh Barat Daya
ACEH,Aceh Besar
ACEH,Aceh Jaya
ACEH,Aceh Selatan
ACEH,Aceh Singkil
ACEH,Aceh Tamiang
ACEH,Aceh Tengah
ACEH,Aceh Tenggara
ACEH,Aceh Timur
ACEH,Aceh Utara
ACEH,Bener Meriah
ACEH,Bireuen
ACEH,Gayo Lues
ACEH,Nagan Raya
ACEH,Pidie
ACEH,Pidie Jaya
ACEH,Simeulue
ACEH,Banda Aceh
ACEH,Langsa
ACEH,Lhokseumawe
ACEH,Sabang
ACEH,Subulussalam
SUMATERA UTARA,Asahan
SUMATERA UTARA,Batu Bara
SUMATERA UTARA,Dairi
SUMATERA UTARA,Deli Serdang
SUMATERA UTARA,Humbang Hasundutan
SUMATERA UTARA,Karo
SUMATERA UTARA,Labuhanbatu
SUMATERA UTARA,Labuhanbatu Selatan
SUMATERA UTARA,Labuhanbatu Utara
SUMATERA UTARA,Langkat
SUMATERA UTARA,Mandailing Natal
SUMATERA UTARA,Nias
SUMATERA UTARA,Nias Barat
SUMATERA UTARA,Nias Selatan
SUMATERA UTARA,Nias Utara
SUMATERA UTARA,Padang Lawas
SUMATERA UTARA,Padang Lawas Utara
SUMATERA UTARA,Pakpak Bharat
SUMATERA UTARA,Samosir
SUMATERA UTARA,Serdang Bedagai
SUMATERA UTARA,Simalungun
SUMATERA UTARA,Tapanuli Selatan
SUMATERA UTARA,Tapanuli Tengah
SUMATERA UTARA,Tapanuli Utara
SUMATERA UTARA,Toba Samosir
SUMATERA UTARA,Binjai
SUMATERA UTARA,Gunungsitoli
SUMATERA UTARA,Medan
SUMATERA UTARA,Padangsidempuan
SUMATERA UTARA,Pematangsiantar
SUMATERA UTARA,Sibolga
SUMATERA UTARA,Tanjungbalai
SUMATERA UTARA,Tebing Tinggi
SUMATERA BARAT,Agam
SUMATERA BARAT,Dharmasraya
SUMATERA BARAT,Kepulauan Mentawai
SUMATERA BARAT,Lima Puluh Kota
SUMATERA BARAT,Padang Pariaman
SUMATERA BARAT,Pasaman
SUMATERA BARAT,Pasaman Barat
SUMATERA BARAT,Pesisir Selatan
SUMATERA BARAT,Sijunjung
SUMATERA BARAT,Solok
SUMATERA BARAT,Solok Selatan
SUMATERA BARAT,Tanah Datar
SUMATERA BARAT,Bukittinggi
SUMATERA BARAT,Padang
SUMATERA BARAT,Padangpanjang
SUMATERA BARAT,Pariaman
SUMATERA BARAT,Payakumbuh
SUMATERA BARAT,Sawahlunto
RIAU,Bengkalis
RIAU,Indragiri Hilir
RIAU,Indragiri Hulu
RIAU,Kampar
RIAU,Kepulauan Meranti
RIAU,Kuantan Singingi
RIAU,Pelalawan
RIAU,Rokan Hilir
RIAU,Rokan Hulu
RIAU,Siak
RIAU,Dumai
RIAU,Pekanbaru
KEPULAUAN RIAU,Bintan
KEPULAUAN RIAU,Karimun
KEPULAUAN RIAU,Kepulauan Anambas
KEPULAUAN RIAU,Lingga
KEPULAUAN RIAU,Natuna
KEPULAUAN RIAU,Batam
KEPULAUAN RIAU,Tanjung Pinang
JAMBI,Batanghari
JAMBI,Bungo
JAMBI,Kerinci
JAMBI,Merangin
JAMBI,Muaro Jambi
JAMBI,Sarolangun
JAMBI,Tanjung Jabung Barat
JAMBI,Tanjung Jabung Timur
JAMBI,Tebo
JAMBI,Jambi
JAMBI,Sungaipenuh
BENGKULU,Bengkulu Selatan
BENGKULU,Bengkulu Tengah
BENGKULU,Bengkulu Utara
BENGKULU,Kaur
BENGKULU,Kepahiang
BENGKULU,Lebong
BENGKULU,Mukomuko
BENGKULU,Rejang Lebong
BENGKULU,Seluma
BENGKULU,Bengkulu
SUMATERA SELATAN,Banyuasin
SUMATERA SELATAN,Empat Lawang
SUMATERA SELATAN,Lahat
SUMATERA SELATAN,Muara Enim
SUMATERA SELATAN,Musi Banyuasin
SUMATERA SELATAN,Musi Rawas
SUMATERA SELATAN,Musi Rawas Utara
SUMATERA SELATAN,Ogan Ilir
SUMATERA SELATAN,Ogan Komering Ilir
SUMATERA SELATAN,Ogan Komering Ulu
SUMATERA SELATAN,Ogan Komering Ulu Selatan
SUMATERA SELATAN,Ogan Komering Ulu Timur
SUMATERA SELATAN,Penukal Abab Lematang Ilir
SUMATERA SELATAN,Lubuklinggau
SUMATERA SELATAN,Pagar Alam
SUMATERA SELATAN,Palembang
SUMATERA SELATAN,Prabumulih
KEPULAUAN BANGKA BELITUNG,Bangka
KEPULAUAN BANGKA BELITUNG,Bangka Barat
KEPULAUAN BANGKA BELITUNG,Bangka Selatan
KEPULAUAN BANGKA BELITUNG,Bangka Tengah
KEPULAUAN BANGKA BELITUNG,Belitung
KEPULAUAN BANGKA BELITUNG,Belitung Timur
KEPULAUAN BANGKA BELITUNG,Pangkal Pinang
LAMPUNG,Lampung Barat
LAMPUNG,Lampung Selatan
LAMPUNG,Lampung Tengah
LAMPUNG,Lampung Timur
LAMPUNG,Lampung Utara
LAMPUNG,Mesuji
LAMPUNG,Pesawaran
LAMPUNG,Pesisir Barat
LAMPUNG,Pringsewu
LAMPUNG,Tanggamus
LAMPUNG,Tulang Bawang
LAMPUNG,Tulang Bawang Barat
LAMPUNG,Way Kanan
LAMPUNG,Bandar Lampung
LAMPUNG,Metro
BANTEN,Lebak
BANTEN,Pandeglang
BANTEN,Serang
BANTEN,Tangerang
BANTEN,Cilegon
BANTEN,Tangerang Selatan
JAWA BARAT,Bandung
JAWA BARAT,Bandung Barat
JAWA BARAT,Bekasi
JAWA BARAT,Bogor
JAWA BARAT,Ciamis
JAWA BARAT,Cianjur
JAWA BARAT,Cirebon
JAWA BARAT,Garut
JAWA BARAT,Indramayu
JAWA BARAT,Karawang
JAWA BARAT,Kuningan
JAWA BARAT,Majalengka
JAWA BARAT,Pangandaran
JAWA BARAT,Purwakarta
JAWA BARAT,Subang
JAWA BARAT,Sukabumi
JAWA BARAT,Sumedang
JAWA BARAT,Tasikmalaya
JAWA BARAT,Banjar
JAWA BARAT,Cimahi
JAWA BARAT,Depok
JAKARTA,Kepulauan Seribu
JAKARTA,Jakarta Barat
JAKARTA,Jakarta Pusat
JAKARTA,Jakarta Selatan
JAKARTA,Jakarta Timur
JAKARTA,Jakarta Utara
JAWA TENGAH,Banjarnegara
JAWA TENGAH,Banyumas
JAWA TENGAH,Batang
JAWA TENGAH,Blora
JAWA TENGAH,Boyolali
JAWA TENGAH,Brebes
JAWA TENGAH,Cilacap
JAWA TENGAH,Demak
JAWA TENGAH,Grobogan
JAWA TENGAH,Jepara
JAWA TENGAH,Karanganyar
JAWA TENGAH,Kebumen
JAWA TENGAH,Kendal
JAWA TENGAH,Klaten
JAWA TENGAH,Kudus
JAWA TENGAH,Magelang
JAWA TENGAH,Pati
JAWA TENGAH,Pekalongan
JAWA TENGAH,Pemalang
JAWA TENGAH,Purbalingga
JAWA TENGAH,Purworejo
JAWA TENGAH,Rembang
JAWA TENGAH,Semarang
JAWA TENGAH,Sragen
JAWA TENGAH,Sukoharjo
JAWA TENGAH,Tegal
JAWA TENGAH,Temanggung
JAWA TENGAH,Wonogiri
JAWA TENGAH,Wonosobo
JAWA TENGAH,Salatiga
JAWA TENGAH,Surakarta
YOGYAKARTA,Bantul
YOGYAKARTA,Gunungkidul
YOGYAKARTA,Kulon Progo
YOGYAKARTA,Sleman
YOGYAKARTA,Yogyakarta
JAWA TIMUR,Bangkalan
JAWA TIMUR,Banyuwangi
JAWA TIMUR,Blitar
JAWA TIMUR,Bojonegoro
JAWA TIMUR,Bondowoso
JAWA TIMUR,Gresik
JAWA TIMUR,Jember
JAWA TIMUR,Jombang
JAWA TIMUR,Kediri
JAWA TIMUR,Lamongan
JAWA TIMUR,Lumajang
JAWA TIMUR,Madiun
JAWA TIMUR,Magetan
JAWA TIMUR,Malang
JAWA TIMUR,Mojokerto
JAWA TIMUR,Nganjuk
JAWA TIMUR,Ngawi
JAWA TIMUR,Pacitan
JAWA TIMUR,Pamekasan
JAWA TIMUR,Pasuruan
JAWA TIMUR,Ponorogo
JAWA TIMUR,Probolinggo
JAWA TIMUR,Sampang
JAWA TIMUR,Sidoarjo
JAWA TIMUR,Situbondo
JAWA TIMUR,Sumenep
JAWA TIMUR,Trenggalek
JAWA TIMUR,Tuban
JAWA TIMUR,Tulungagung
JAWA TIMUR,Batu
JAWA TIMUR,Surabaya
KALIMANTAN BARAT,Bengkayang
KALIMANTAN BARAT,Kapuas Hulu
KALIMANTAN BARAT,Kayong Utara
KALIMANTAN BARAT,Ketapang
KALIMANTAN BARAT,Kubu Raya
KALIMANTAN BARAT,Landak
KALIMANTAN BARAT,Melawi
KALIMANTAN BARAT,Mempawah
KALIMANTAN BARAT,Sambas
KALIMANTAN BARAT,Sanggau
KALIMANTAN BARAT,Sekadau
KALIMANTAN BARAT,Sintang
KALIMANTAN BARAT,Pontianak
KALIMANTAN BARAT,Singkawang
KALIMANTAN SELATAN,Balangan
KALIMANTAN SELATAN,Banjar
KALIMANTAN SELATAN,Barito Kuala
KALIMANTAN SELATAN,Hulu Sungai Selatan
KALIMANTAN SELATAN,Hulu Sungai Tengah
KALIMANTAN SELATAN,Hulu Sungai Utara
KALIMANTAN SELATAN,Kotabaru
KALIMANTAN SELATAN,Tabalong
KALIMANTAN SELATAN,Tanah Bumbu
KALIMANTAN SELATAN,Tanah Laut
KALIMANTAN SELATAN,Tapin
KALIMANTAN SELATAN,Banjarbaru
KALIMANTAN SELATAN,Banjarmasin
KALIMANTAN TENGAH,Barito Selatan
KALIMANTAN TENGAH,Barito Timur
KALIMANTAN TENGAH,Barito Utara
KALIMANTAN TENGAH,Gunung Mas
KALIMANTAN TENGAH,Kapuas
KALIMANTAN TENGAH,Katingan
KALIMANTAN TENGAH,Kotawaringin Barat
KALIMANTAN TENGAH,Kotawaringin Timur
KALIMANTAN TENGAH,Lamandau
KALIMANTAN TENGAH,Murung Raya
KALIMANTAN TENGAH,Pulang Pisau
KALIMANTAN TENGAH,Sukamara
KALIMANTAN TENGAH,Seruyan
KALIMANTAN TENGAH,Palangka Raya
KALIMANTAN TIMUR,Berau
KALIMANTAN TIMUR,Kutai Barat
KALIMANTAN TIMUR,Kutai Kartanegara
KALIMANTAN TIMUR,Kutai Timur
KALIMANTAN TIMUR,Mahakam Ulu
KALIMANTAN TIMUR,Paser
KALIMANTAN TIMUR,Penajam Paser Utara
KALIMANTAN TIMUR,Balikpapan
KALIMANTAN TIMUR,Bontang
KALIMANTAN TIMUR,Samarinda
KALIMANTAN UTARA,Bulungan
KALIMANTAN UTARA,Malinau
KALIMANTAN UTARA,Nunukan
KALIMANTAN UTARA,Tana Tidung
KALIMANTAN UTARA,Tarakan
BALI,Badung
BALI,Bangli
BALI,Buleleng
BALI,Gianyar
BALI,Jembrana
BALI,Karangasem
BALI,Klungkung
BALI,Tabanan
BALI,Denpasar
NUSA TENGGARA BARAT,Bima
NUSA TENGGARA BARAT,Dompu
NUSA TENGGARA BARAT,Lombok Barat
NUSA TENGGARA BARAT,Lombok Tengah
NUSA TENGGARA BARAT,Lombok Timur
NUSA TENGGARA BARAT,Lombok Utara
NUSA TENGGARA BARAT,Sumbawa
NUSA TENGGARA BARAT,Sumbawa Barat
NUSA TENGGARA BARAT,Mataram
NUSA TENGGARA TIMUR,Alor
NUSA TENGGARA TIMUR,Belu
NUSA TENGGARA TIMUR,Ende
NUSA TENGGARA TIMUR,Flores Timur
NUSA TENGGARA TIMUR,Kupang
NUSA TENGGARA TIMUR,Lembata
NUSA TENGGARA TIMUR,Malaka
NUSA TENGGARA TIMUR,Manggarai
NUSA TENGGARA TIMUR,Manggarai Barat
NUSA TENGGARA TIMUR,Manggarai Timur
NUSA TENGGARA TIMUR,Nagekeo
NUSA TENGGARA TIMUR,Ngada
NUSA TENGGARA TIMUR,Rote Ndao
NUSA TENGGARA TIMUR,Sabu Raijua
NUSA TENGGARA TIMUR,Sikka
NUSA TENGGARA TIMUR,Sumba Barat
NUSA TENGGARA TIMUR,Sumba Barat Daya
NUSA TENGGARA TIMUR,Sumba Tengah
NUSA TENGGARA TIMUR,Sumba Timur
NUSA TENGGARA TIMUR,Timor Tengah Selatan
NUSA TENGGARA TIMUR,Timor Tengah Utara
MALUKU,Buru
MALUKU,Buru Selatan
MALUKU,Kepulauan Aru
MALUKU,Maluku Barat Daya
MALUKU,Maluku Tengah
MALUKU,Maluku Tenggara
MALUKU,Kepulauan Tanimbar
MALUKU,Seram Bagian Barat
MALUKU,Seram Bagian Timur
MALUKU,Ambon
MALUKU,Tual
MALUKU UTARA,Halmahera Barat
MALUKU UTARA,Halmahera Tengah
MALUKU UTARA,Halmahera Timur
MALUKU UTARA,Halmahera Selatan
MALUKU UTARA,Halmahera Utara
MALUKU UTARA,Kepulauan Sula
MALUKU UTARA,Pulau Morotai
MALUKU UTARA,Pulau Taliabu
MALUKU UTARA,Ternate
MALUKU UTARA,Tidore Kepulauan
PAPUA,Asmat
PAPUA,Biak Numfor
PAPUA,Boven Digoel
PAPUA,Deiyai
PAPUA,Dogiyai
PAPUA,Intan Jaya
PAPUA,Jayapura
PAPUA,Jayawijaya
PAPUA,Keerom
PAPUA,Kepulauan Yapen
PAPUA,Lanny Jaya
PAPUA,Mamberamo Raya
PAPUA,Mamberamo Tengah
PAPUA,Mappi
PAPUA,Merauke
PAPUA,Mimika
PAPUA,Nabire
PAPUA,Nduga
PAPUA,Paniai
PAPUA,Pegunungan Bintang
PAPUA,Puncak
PAPUA,Puncak Jaya
PAPUA,Sarmi
PAPUA,Supiori
PAPUA,Tolikara
PAPUA,Waropen
PAPUA,Yahukimo
PAPUA,Yalimo
PAPUA BARAT,Fakfak
PAPUA BARAT,Kaimana
PAPUA BARAT,Manokwari
PAPUA BARAT,Manokwari Selatan
PAPUA BARAT,Maybrat
PAPUA BARAT,Pegunungan Arfak
PAPUA BARAT,Raja Ampat
PAPUA BARAT,Sorong
PAPUA BARAT,Sorong Selatan
PAPUA BARAT,Tambrauw
PAPUA BARAT,Teluk Bintuni
PAPUA BARAT,Teluk Wondama
GORONTALO,Boalemo
GORONTALO,Bone Bolango
GORONTALO,Gorontalo
GORONTALO,Gorontalo Utara
GORONTALO,Pohuwato
SULAWESI BARAT,Majene
SULAWESI BARAT,Mamasa
SULAWESI BARAT,Mamuju
SULAWESI BARAT,Mamuju Tengah
SULAWESI BARAT,Pasangkayu
SULAWESI BARAT,Polewali Mandar
SULAWESI SELATAN,Bantaeng
SULAWESI SELATAN,Barru
SULAWESI SELATAN,Bone
SULAWESI SELATAN,Bulukumba
SULAWESI SELATAN,Enrekang
SULAWESI SELATAN,Gowa
SULAWESI SELATAN,Jeneponto
SULAWESI SELATAN,Kepulauan Selayar
SULAWESI SELATAN,Luwu
SULAWESI SELATAN,Luwu Timur
SULAWESI SELATAN,Luwu Utara
SULAWESI SELATAN,Maros
SULAWESI SELATAN,Pangkajene dan Kepulauan
SULAWESI SELATAN,Pinrang
SULAWESI SELATAN,Sidenreng Rappang
SULAWESI SELATAN,Sinjai
SULAWESI SELATAN,Soppeng
SULAWESI SELATAN,Takalar
SULAWESI SELATAN,Tana Toraja
SULAWESI SELATAN,Toraja Utara
SULAWESI SELATAN,Wajo
SULAWESI SELATAN,Makassar
SULAWESI SELATAN,Palopo
SULAWESI SELATAN,Parepare
SULAWESI TENGGARA,Bombana
SULAWESI TENGGARA,Buton
SULAWESI TENGGARA,Buton Selatan
SULAWESI TENGGARA,Buton Tengah
SULAWESI TENGGARA,Buton Utara
SULAWESI TENGGARA,Kolaka
SULAWESI TENGGARA,Kolaka Timur
SULAWESI TENGGARA,Kolaka Utara
SULAWESI TENGGARA,Konawe
SULAWESI TENGGARA,Konawe Kepulauan
SULAWESI TENGGARA,Konawe Selatan
SULAWESI TENGGARA,Konawe Utara
SULAWESI TENGGARA,Muna
SULAWESI TENGGARA,Muna Barat
SULAWESI TENGGARA,Wakatobi
SULAWESI TENGGARA,Bau-Bau
SULAWESI TENGGARA,Kendari
SULAWESI TENGAH,Banggai
SULAWESI TENGAH,Banggai Kepulauan
SULAWESI TENGAH,Banggai Laut
SULAWESI TENGAH,Buol
SULAWESI TENGAH,Donggala
SULAWESI TENGAH,Morowali
SULAWESI TENGAH,Morowali Utara
SULAWESI TENGAH,Parigi Moutong
SULAWESI TENGAH,Poso
SULAWESI TENGAH,Sigi
SULAWESI TENGAH,Tojo Una-Una
SULAWESI TENGAH,Tolitoli
SULAWESI TENGAH,Palu
SULAWESI UTARA,Bolaang Mongondow
SULAWESI UTARA,Bolaang Mongondow Selatan
SULAWESI UTARA,Bolaang Mongondow Timur
SULAWESI UTARA,Bolaang Mongondow Utara
SULAWESI UTARA,Kepulauan Sangihe
SULAWESI UTARA,Kepulauan Siau Tagulandang Biaro
SULAWESI UTARA,Kepulauan Talaud
SULAWESI UTARA,Minahasa
SULAWESI UTARA,Minahasa Selatan
SULAWESI UTARA,Minahasa Tenggara
SULAWESI UTARA,Minahasa Utara
SULAWESI UTARA,Bitung
SULAWESI UTARA,Kotamobagu
SULAWESI UTARA,Manado
SULAWESI UTARA,Tomohon
